{"page":0,"total":0,"records":null,"rows":[{"cell":["<span style=\"color:#770000\"><strong>DG(18)<\/strong><\/span>","<a href=\"neuron_page.php?id=1000\" target=\"blank\" title=\"Granule\"DG (e)2201p-CA3_00110 Granule\"><font color=\"#339900\">Granule<\/font><\/a>","<a style=\"text-decoration:none\" href=\"property_page_fp.php?id_neuron=1000&parameter=ASP.&count=1&page=1\" target=\"_blank\"><div style='background-color:#FF8C00'><font color='white'> 1<\/font><\/div><\/a>",null,null,null,null,null,null,"<a style=\"text-decoration:none\" href=\"property_page_fp.php?id_neuron=1000&parameter=D.NASP&count=1&page=1\" target=\"_blank\"><div style='background-color:#FF8C00'><font color='white'> 1<\/font><\/div><\/a>",null,null,null,null,null,null,null,null,null,null,null,null,null,null,"<a style=\"text-decoration:none\" href=\"property_page_fp.php?id_neuron=1000&parameter=TSWB.SLN&count=2&page=1\" target=\"_blank\"><div style='background-color:#0000FF'><font color='white'> 2<\/font><\/div><\/a>",null]},{"cell":["<span style=\"color:#770000\"><strong>DG(18)<\/strong><\/span>","<a href=\"neuron_page.php?id=1041\" target=\"blank\" title=\"Hilar Ectopic Granule\"DG (e)2203p-CA3_00100 Hilar Ectopic Granule\"><font color=\"#339900\">Hilar Ectopic Granule<\/font><\/a>","<a style=\"text-decoration:none\" href=\"property_page_fp.php?id_neuron=1041&parameter=ASP.&count=1&page=1\" target=\"_blank\"><div style='background-color:#FF8C00'><font color='white'> 1<\/font><\/div><\/a>",null,null,null,null,null,null,null,null,null,null,null,null,null,null,null,null,null,null,null,null,null,"<a style=\"text-decoration:none\" href=\"property_page_fp.php?id_neuron=1041&parameter=TSWB.SLN&count=1&page=1\" target=\"_blank\"><div style='background-color:#FF8C00'><font color='white'> 1<\/font><\/div><\/a>",null]},{"cell":["<span style=\"color:#770000\"><strong>DG(18)<\/strong><\/span>","<a href=\"neuron_page.php?id=1001\" target=\"blank\" title=\"Semilunar Granule\"DG (e)2311p-CA3_00100 Semilunar Granule\"><font color=\"#339900\">Semilunar Granule<\/font><\/a>",null,null,null,null,null,null,null,null,null,null,null,null,null,null,null,null,null,null,null,"<a style=\"text-decoration:none\" href=\"property_page_fp.php?id_neuron=1001&parameter=TSTUT.NASP&count=1&page=1\" target=\"_blank\"><div style='background-color:#FF8C00'><font color='white'> 1<\/font><\/div><\/a>",null,null,null,null]},{"cell":["<span style=\"color:#770000\"><strong>DG(18)<\/strong><\/span>","<a href=\"neuron_page.php?id=1002\" target=\"blank\" title=\"Mossy\"DG (e)0103 Mossy\"><font color=\"#339900\">Mossy<\/font><\/a>",null,null,null,null,null,"<a style=\"text-decoration:none\" href=\"property_page_fp.php?id_neuron=1002&parameter=D.ASP.&count=1&page=1\" target=\"_blank\"><div style='background-color:#FF8C00'><font color='white'> 1<\/font><\/div><\/a>",null,"<a style=\"text-decoration:none\" href=\"property_page_fp.php?id_neuron=1002&parameter=D.NASP&count=1&page=1\" target=\"_blank\"><div style='background-color:#FF8C00'><font color='white'> 1<\/font><\/div><\/a>",null,null,null,null,null,null,null,null,null,null,null,null,null,null,null,null]},{"cell":["<span style=\"color:#770000\"><strong>DG(18)<\/strong><\/span>","<a href=\"neuron_page.php?id=1043\" target=\"blank\" title=\"Mossy MOLDEN\"DG (e)2323 Mossy MOLDEN\"><font color=\"#339900\">Mossy MOLDEN<\/font><\/a>",null,null,null,null,null,null,null,null,null,null,null,null,null,null,null,null,null,null,null,null,null,null,null,null]},{"cell":["<span style=\"color:#770000\"><strong>DG(18)<\/strong><\/span>","<a href=\"neuron_page.php?id=1027\" target=\"blank\" title=\"AIPRIM\"DG (i)2333 AIPRIM\"><font color=\"#CC0000\">AIPRIM<\/font><\/a>",null,null,"<a style=\"text-decoration:none\" href=\"property_page_fp.php?id_neuron=1027&parameter=ASP.NASP&count=1&page=1\" target=\"_blank\"><div style='background-color:#FF8C00'><font color='white'> 1<\/font><\/div><\/a>",null,null,null,null,null,null,null,null,null,null,null,null,null,null,null,null,null,null,null,null,null]},{"cell":["<span style=\"color:#770000\"><strong>DG(18)<\/strong><\/span>","<a href=\"neuron_page.php?id=1010\" target=\"blank\" title=\"DG Axo-axonic\"DG (i)2233 Axo-axonic\"><font color=\"#CC0000\">DG Axo-axonic<\/font><\/a>",null,null,null,null,null,null,null,null,null,null,null,null,null,null,"<a style=\"text-decoration:none\" href=\"property_page_fp.php?id_neuron=1010&parameter=NASP&count=2&page=1\" target=\"_blank\"><div style='background-color:#0000FF'><font color='white'> 2<\/font><\/div><\/a>",null,null,null,null,null,null,null,null,null]},{"cell":["<span style=\"color:#770000\"><strong>DG(18)<\/strong><\/span>","<a href=\"neuron_page.php?id=1035\" target=\"blank\" title=\"DG Basket\"DG (i)2232 Basket\"><font color=\"#CC0000\">DG Basket<\/font><\/a>",null,null,null,null,null,null,null,null,null,null,null,null,null,null,"<a style=\"text-decoration:none\" href=\"property_page_fp.php?id_neuron=1035&parameter=NASP&count=2&page=1\" target=\"_blank\"><div style='background-color:#0000FF'><font color='white'> 2<\/font><\/div><\/a>",null,null,null,null,null,null,null,null,null]},{"cell":["<span style=\"color:#770000\"><strong>DG(18)<\/strong><\/span>","<a href=\"neuron_page.php?id=1036\" target=\"blank\" title=\"DG Basket CCK+\"DG (i)2232 Basket CCK+\"><font color=\"#CC0000\">DG Basket CCK+<\/font><\/a>",null,null,null,null,null,null,null,null,null,null,null,null,null,null,null,null,null,null,null,null,null,null,null,null]},{"cell":["<span style=\"color:#770000\"><strong>DG(18)<\/strong><\/span>","<a href=\"neuron_page.php?id=1009\" target=\"blank\" title=\"HICAP\"DG (i)2322 HICAP\"><font color=\"#CC0000\">HICAP<\/font><\/a>","<a style=\"text-decoration:none\" href=\"property_page_fp.php?id_neuron=1009&parameter=ASP.&count=1&page=1\" target=\"_blank\"><div style='background-color:#FF8C00'><font color='white'> 1<\/font><\/div><\/a>",null,null,null,null,null,null,null,null,null,null,null,null,null,"<a style=\"text-decoration:none\" href=\"property_page_fp.php?id_neuron=1009&parameter=NASP&count=3&page=1\" target=\"_blank\"><div style='background-color:#7A5230'><font color='white'> 3<\/font><\/div><\/a>",null,null,null,null,null,null,null,null,null]},{"cell":["<span style=\"color:#770000\"><strong>DG(18)<\/strong><\/span>","<a href=\"neuron_page.php?id=1013\" target=\"blank\" title=\"HIPP\"DG (i)1002 HIPP\"><font color=\"#CC0000\">HIPP<\/font><\/a>",null,null,null,null,null,null,null,null,null,null,null,null,null,null,"<a style=\"text-decoration:none\" href=\"property_page_fp.php?id_neuron=1013&parameter=NASP&count=1&page=1\" target=\"_blank\"><div style='background-color:#FF8C00'><font color='white'> 1<\/font><\/div><\/a>",null,null,null,null,null,null,null,null,null]},{"cell":["<span style=\"color:#770000\"><strong>DG(18)<\/strong><\/span>","<a href=\"neuron_page.php?id=1026\" target=\"blank\" title=\"HIPROM\"DG (i)1333p-CA3_01111 HIPROM\"><font color=\"#CC0000\">HIPROM<\/font><\/a>",null,null,null,null,null,"<a style=\"text-decoration:none\" href=\"property_page_fp.php?id_neuron=1026&parameter=D.ASP.&count=1&page=1\" target=\"_blank\"><div style='background-color:#FF8C00'><font color='white'> 1<\/font><\/div><\/a>",null,null,null,null,null,null,null,null,null,null,null,null,null,null,null,null,null,null]},{"cell":["<span style=\"color:#770000\"><strong>DG(18)<\/strong><\/span>","<a href=\"neuron_page.php?id=1040\" target=\"blank\" title=\"MOCAP\"DG (i)0331 MOCAP\"><font color=\"#CC0000\">MOCAP<\/font><\/a>",null,null,null,null,null,null,null,null,null,null,null,null,null,null,null,null,null,null,null,null,null,null,null,null]},{"cell":["<span style=\"color:#770000\"><strong>DG(18)<\/strong><\/span>","<a href=\"neuron_page.php?id=1005\" target=\"blank\" title=\"MOLAX\"DG (i)3302 MOLAX\"><font color=\"#CC0000\">MOLAX<\/font><\/a>","<a style=\"text-decoration:none\" href=\"property_page_fp.php?id_neuron=1005&parameter=ASP.&count=4&page=1\" target=\"_blank\"><div style='background-color:#808080'><font color='white'> 4<\/font><\/div><\/a>",null,null,null,null,null,null,null,null,null,null,null,null,null,null,"<a style=\"text-decoration:none\" href=\"property_page_fp.php?id_neuron=1005&parameter=PSTUT&count=1&page=1\" target=\"_blank\"><div style='background-color:#FF8C00'><font color='white'> 1<\/font><\/div><\/a>",null,null,null,null,null,null,null,null]},{"cell":["<span style=\"color:#770000\"><strong>DG(18)<\/strong><\/span>","<a href=\"neuron_page.php?id=1008\" target=\"blank\" title=\"MOPP\"DG (i)3000 MOPP\"><font color=\"#CC0000\">MOPP<\/font><\/a>","<a style=\"text-decoration:none\" href=\"property_page_fp.php?id_neuron=1008&parameter=ASP.&count=1&page=1\" target=\"_blank\"><div style='background-color:#FF8C00'><font color='white'> 1<\/font><\/div><\/a>",null,null,null,null,null,null,"<a style=\"text-decoration:none\" href=\"property_page_fp.php?id_neuron=1008&parameter=D.NASP&count=1&page=1\" target=\"_blank\"><div style='background-color:#FF8C00'><font color='white'> 1<\/font><\/div><\/a>",null,null,null,null,null,null,null,null,null,null,null,null,null,null,null,null]},{"cell":["<span style=\"color:#770000\"><strong>DG(18)<\/strong><\/span>","<a href=\"neuron_page.php?id=1007\" target=\"blank\" title=\"DG Neurogliaform\"DG (i)3000p-SUB_100 Neurogliaform\"><font color=\"#CC0000\">DG Neurogliaform<\/font><\/a>",null,null,null,null,null,null,null,"<a style=\"text-decoration:none\" href=\"property_page_fp.php?id_neuron=1007&parameter=D.NASP&count=1&page=1\" target=\"_blank\"><div style='background-color:#FF8C00'><font color='white'> 1<\/font><\/div><\/a>",null,null,null,null,null,null,null,null,null,null,null,null,null,null,null,null]},{"cell":["<span style=\"color:#770000\"><strong>DG(18)<\/strong><\/span>","<a href=\"neuron_page.php?id=1006\" target=\"blank\" title=\"Outer Molecular Layer\"DG (i)3222 Outer Molecular Layer\"><font color=\"#CC0000\">Outer Molecular Layer<\/font><\/a>",null,null,null,null,null,null,null,null,null,null,null,null,null,null,null,null,null,null,null,null,null,null,null,null]},{"cell":["<span style=\"color:#770000\"><strong>DG(18)<\/strong><\/span>","<a href=\"neuron_page.php?id=1004\" target=\"blank\" title=\"Total Molecular Layer\"DG (i)3303 Total Molecular Layer\"><font color=\"#CC0000\">Total Molecular Layer<\/font><\/a>","<a style=\"text-decoration:none\" href=\"property_page_fp.php?id_neuron=1004&parameter=ASP.&count=3&page=1\" target=\"_blank\"><div style='background-color:#7A5230'><font color='white'> 3<\/font><\/div><\/a>",null,null,null,null,null,null,null,null,null,null,null,null,null,null,"<a style=\"text-decoration:none\" href=\"property_page_fp.php?id_neuron=1004&parameter=PSTUT&count=1&page=1\" target=\"_blank\"><div style='background-color:#FF8C00'><font color='white'> 1<\/font><\/div><\/a>",null,null,null,null,null,null,null,null]},{"cell":["<span style=\"color:#C08181\"><strong>CA3(25)<\/strong><\/span>","<a href=\"neuron_page.php?id=2000\" target=\"blank\" title=\"CA3 Pyramidal\"CA3 (e)23223p-CA2_0101-CA1_0101 Pyramidal\"><font color=\"#339900\">CA3 Pyramidal<\/font><\/a>","<a style=\"text-decoration:none\" href=\"property_page_fp.php?id_neuron=2000&parameter=ASP.&count=3&page=1\" target=\"_blank\"><div style='background-color:#7A5230'><font color='white'> 3<\/font><\/div><\/a>",null,"<a style=\"text-decoration:none\" href=\"property_page_fp.php?id_neuron=2000&parameter=ASP.NASP&count=1&page=1\" target=\"_blank\"><div style='background-color:#FF8C00'><font color='white'> 1<\/font><\/div><\/a>",null,null,null,null,null,null,null,null,null,null,null,null,null,"<a style=\"text-decoration:none\" href=\"property_page_fp.php?id_neuron=2000&parameter=PSWB&count=1&page=1\" target=\"_blank\"><div style='background-color:#FF8C00'><font color='white'> 1<\/font><\/div><\/a>","<a style=\"text-decoration:none\" href=\"property_page_fp.php?id_neuron=2000&parameter=TSTUT.&count=1&page=1\" target=\"_blank\"><div style='background-color:#FF8C00'><font color='white'> 1<\/font><\/div><\/a>",null,null,null,null,"<a style=\"text-decoration:none\" href=\"property_page_fp.php?id_neuron=2000&parameter=TSWB.SLN&count=1&page=1\" target=\"_blank\"><div style='background-color:#FF8C00'><font color='white'> 1<\/font><\/div><\/a>",null]},{"cell":["<span style=\"color:#C08181\"><strong>CA3(25)<\/strong><\/span>","<a href=\"neuron_page.php?id=2004\" target=\"blank\" title=\"CA3c Pyramidal\"CA3c (e)03223p-DG_0101-CA2_0101-CA1_0101-SUB_100 Pyramidal\"><font color=\"#339900\">CA3c Pyramidal<\/font><\/a>",null,null,null,null,null,null,null,null,null,null,null,null,null,null,null,null,null,null,null,null,null,null,"<a style=\"text-decoration:none\" href=\"property_page_fp.php?id_neuron=2004&parameter=TSWB.SLN&count=3&page=1\" target=\"_blank\"><div style='background-color:#7A5230'><font color='white'> 3<\/font><\/div><\/a>",null]},{"cell":["<span style=\"color:#C08181\"><strong>CA3(25)<\/strong><\/span>","<a href=\"neuron_page.php?id=2003\" target=\"blank\" title=\"CA3 Giant\"CA3 (e)22010 Giant\"><font color=\"#339900\">CA3 Giant<\/font><\/a>","<a style=\"text-decoration:none\" href=\"property_page_fp.php?id_neuron=2003&parameter=ASP.&count=3&page=1\" target=\"_blank\"><div style='background-color:#7A5230'><font color='white'> 3<\/font><\/div><\/a>",null,null,null,null,null,null,null,null,null,null,null,null,null,null,null,null,null,null,null,null,null,null,null]},{"cell":["<span style=\"color:#C08181\"><strong>CA3(25)<\/strong><\/span>","<a href=\"neuron_page.php?id=2001\" target=\"blank\" title=\"CA3 Granule\"CA3 (e)22100 Granule\"><font color=\"#339900\">CA3 Granule<\/font><\/a>","<a style=\"text-decoration:none\" href=\"property_page_fp.php?id_neuron=2001&parameter=ASP.&count=1&page=1\" target=\"_blank\"><div style='background-color:#FF8C00'><font color='white'> 1<\/font><\/div><\/a>",null,null,null,null,null,null,null,null,null,null,null,null,null,null,null,null,null,null,null,null,null,null,null]},{"cell":["<span style=\"color:#C08181\"><strong>CA3(25)<\/strong><\/span>","<a href=\"neuron_page.php?id=2028\" target=\"blank\" title=\"CA3 Axo-axonic\"CA3 (i)22232 Axo-axonic\"><font color=\"#CC0000\">CA3 Axo-axonic<\/font><\/a>","<a style=\"text-decoration:none\" href=\"property_page_fp.php?id_neuron=2028&parameter=ASP.&count=1&page=1\" target=\"_blank\"><div style='background-color:#FF8C00'><font color='white'> 1<\/font><\/div><\/a>",null,null,null,null,null,null,null,null,null,null,null,null,null,null,null,null,null,null,null,null,null,null,null]},{"cell":["<span style=\"color:#C08181\"><strong>CA3(25)<\/strong><\/span>","<a href=\"neuron_page.php?id=2047\" target=\"blank\" title=\"CA3 Horizontal Axo-axonic\"CA3 (i)00012 Horizontal Axo-axonic\"><font color=\"#CC0000\">CA3 Horizontal Axo-axonic<\/font><\/a>","<a style=\"text-decoration:none\" href=\"property_page_fp.php?id_neuron=2047&parameter=ASP.&count=1&page=1\" target=\"_blank\"><div style='background-color:#FF8C00'><font color='white'> 1<\/font><\/div><\/a>",null,null,null,null,null,null,null,null,null,null,null,null,null,null,null,null,null,null,null,null,null,null,null]},{"cell":["<span style=\"color:#C08181\"><strong>CA3(25)<\/strong><\/span>","<a href=\"neuron_page.php?id=2043\" target=\"blank\" title=\"CA3 Basket\"CA3 (i)22232 Basket\"><font color=\"#CC0000\">CA3 Basket<\/font><\/a>",null,null,null,"<a style=\"text-decoration:none\" href=\"property_page_fp.php?id_neuron=2043&parameter=ASP.SLN&count=1&page=1\" target=\"_blank\"><div style='background-color:#FF8C00'><font color='white'> 1<\/font><\/div><\/a>",null,null,null,null,null,null,null,null,null,null,null,null,null,null,null,null,null,null,null,null]},{"cell":["<span style=\"color:#C08181\"><strong>CA3(25)<\/strong><\/span>","<a href=\"neuron_page.php?id=2044\" target=\"blank\" title=\"CA3 Basket CCK+\"CA3 (i)22232 Basket CCK+\"><font color=\"#CC0000\">CA3 Basket CCK+<\/font><\/a>",null,null,"<a style=\"text-decoration:none\" href=\"property_page_fp.php?id_neuron=2044&parameter=ASP.NASP&count=1&page=1\" target=\"_blank\"><div style='background-color:#FF8C00'><font color='white'> 1<\/font><\/div><\/a>",null,null,null,null,null,null,null,null,null,null,null,null,null,null,null,null,null,null,null,null,null]},{"cell":["<span style=\"color:#C08181\"><strong>CA3(25)<\/strong><\/span>","<a href=\"neuron_page.php?id=2045\" target=\"blank\" title=\"CA3 Bistratified\"CA3 (i)03333 Bistratified\"><font color=\"#CC0000\">CA3 Bistratified<\/font><\/a>",null,null,null,null,null,null,null,null,null,null,null,null,null,null,null,null,null,null,null,null,null,null,null,null]},{"cell":["<span style=\"color:#C08181\"><strong>CA3(25)<\/strong><\/span>","<a href=\"neuron_page.php?id=2021\" target=\"blank\" title=\"CA3 Interneuron Specific Oriens\"CA3 (i)01113 Interneuron Specific Oriens\"><font color=\"#CC0000\">CA3 Interneuron Specific Oriens<\/font><\/a>",null,null,null,null,null,null,null,null,null,null,null,null,null,null,null,null,null,null,null,null,null,null,null,null]},{"cell":["<span style=\"color:#C08181\"><strong>CA3(25)<\/strong><\/span>","<a href=\"neuron_page.php?id=2042\" target=\"blank\" title=\"CA3 Interneuron Specific Quad\"CA3 (i)03333p-DG_0003 Interneuron Specific Quad\"><font color=\"#CC0000\">CA3 Interneuron Specific Quad<\/font><\/a>",null,null,null,null,null,null,null,null,null,null,null,null,null,null,null,null,null,null,null,null,null,null,null,null]},{"cell":["<span style=\"color:#C08181\"><strong>CA3(25)<\/strong><\/span>","<a href=\"neuron_page.php?id=2046\" target=\"blank\" title=\"CA3 Ivy\"CA3 (i)03333 Ivy\"><font color=\"#CC0000\">CA3 Ivy<\/font><\/a>",null,null,null,null,null,null,null,null,null,null,null,null,null,null,null,null,null,null,null,null,null,null,null,null]},{"cell":["<span style=\"color:#C08181\"><strong>CA3(25)<\/strong><\/span>","<a href=\"neuron_page.php?id=2005\" target=\"blank\" title=\"CA3 LMR-Targeting\"CA3 (i)33200 LMR-Targeting\"><font color=\"#CC0000\">CA3 LMR-Targeting<\/font><\/a>",null,null,null,null,null,null,null,null,null,null,null,null,null,null,null,"<a style=\"text-decoration:none\" href=\"property_page_fp.php?id_neuron=2005&parameter=PSTUT&count=1&page=1\" target=\"_blank\"><div style='background-color:#FF8C00'><font color='white'> 1<\/font><\/div><\/a>",null,null,null,null,null,null,null,null]},{"cell":["<span style=\"color:#C08181\"><strong>CA3(25)<\/strong><\/span>","<a href=\"neuron_page.php?id=2017\" target=\"blank\" title=\"Lucidum LAX\"CA3 (i)02310 Lucidum LAX\"><font color=\"#CC0000\">Lucidum LAX<\/font><\/a>",null,null,null,null,null,null,null,null,null,null,null,null,null,null,null,null,null,null,null,null,null,null,null,null]},{"cell":["<span style=\"color:#C08181\"><strong>CA3(25)<\/strong><\/span>","<a href=\"neuron_page.php?id=2013\" target=\"blank\" title=\"Lucidum ORAX\"CA3 (i)03311 Lucidum ORAX\"><font color=\"#CC0000\">Lucidum ORAX<\/font><\/a>","<a style=\"text-decoration:none\" href=\"property_page_fp.php?id_neuron=2013&parameter=ASP.&count=1&page=1\" target=\"_blank\"><div style='background-color:#FF8C00'><font color='white'> 1<\/font><\/div><\/a>",null,null,null,null,null,null,"<a style=\"text-decoration:none\" href=\"property_page_fp.php?id_neuron=2013&parameter=D.NASP&count=1&page=1\" target=\"_blank\"><div style='background-color:#FF8C00'><font color='white'> 1<\/font><\/div><\/a>",null,null,null,null,null,null,"<a style=\"text-decoration:none\" href=\"property_page_fp.php?id_neuron=2013&parameter=NASP&count=1&page=1\" target=\"_blank\"><div style='background-color:#FF8C00'><font color='white'> 1<\/font><\/div><\/a>","<a style=\"text-decoration:none\" href=\"property_page_fp.php?id_neuron=2013&parameter=PSTUT&count=1&page=1\" target=\"_blank\"><div style='background-color:#FF8C00'><font color='white'> 1<\/font><\/div><\/a>",null,null,null,null,null,null,null,null]},{"cell":["<span style=\"color:#C08181\"><strong>CA3(25)<\/strong><\/span>","<a href=\"neuron_page.php?id=2014\" target=\"blank\" title=\"Lucidum-Radiatum\"CA3 (i)03300 Lucidum-Radiatum\"><font color=\"#CC0000\">Lucidum-Radiatum<\/font><\/a>",null,null,null,null,null,null,null,null,null,null,null,null,null,null,null,null,null,null,null,null,null,null,null,null]},{"cell":["<span style=\"color:#C08181\"><strong>CA3(25)<\/strong><\/span>","<a href=\"neuron_page.php?id=2019\" target=\"blank\" title=\"Spiny Lucidum\"CA3 (i)01320p-DG_1100 Spiny Lucidum\"><font color=\"#CC0000\">Spiny Lucidum<\/font><\/a>","<a style=\"text-decoration:none\" href=\"property_page_fp.php?id_neuron=2019&parameter=ASP.&count=1&page=1\" target=\"_blank\"><div style='background-color:#FF8C00'><font color='white'> 1<\/font><\/div><\/a>",null,null,null,null,null,null,null,null,null,null,null,null,null,null,"<a style=\"text-decoration:none\" href=\"property_page_fp.php?id_neuron=2019&parameter=PSTUT&count=1&page=1\" target=\"_blank\"><div style='background-color:#FF8C00'><font color='white'> 1<\/font><\/div><\/a>",null,null,null,null,null,null,null,null]},{"cell":["<span style=\"color:#C08181\"><strong>CA3(25)<\/strong><\/span>","<a href=\"neuron_page.php?id=2036\" target=\"blank\" title=\"Mossy Fiber-Associated\"CA3 (i)03330p-DG_0001 Mossy Fiber-Associated\"><font color=\"#CC0000\">Mossy Fiber-Associated<\/font><\/a>","<a style=\"text-decoration:none\" href=\"property_page_fp.php?id_neuron=2036&parameter=ASP.&count=1&page=1\" target=\"_blank\"><div style='background-color:#FF8C00'><font color='white'> 1<\/font><\/div><\/a>",null,"<a style=\"text-decoration:none\" href=\"property_page_fp.php?id_neuron=2036&parameter=ASP.NASP&count=1&page=1\" target=\"_blank\"><div style='background-color:#FF8C00'><font color='white'> 1<\/font><\/div><\/a>",null,null,null,null,null,null,null,null,null,null,null,null,null,null,null,null,null,null,null,null,null]},{"cell":["<span style=\"color:#C08181\"><strong>CA3(25)<\/strong><\/span>","<a href=\"neuron_page.php?id=2035\" target=\"blank\" title=\"Mossy Fiber-Associated ORDEN\"CA3 (i)02332p-DG_0001 Mossy Fiber-Associated ORDEN\"><font color=\"#CC0000\">Mossy Fiber-Associated ORDEN<\/font><\/a>","<a style=\"text-decoration:none\" href=\"property_page_fp.php?id_neuron=2035&parameter=ASP.&count=1&page=1\" target=\"_blank\"><div style='background-color:#FF8C00'><font color='white'> 1<\/font><\/div><\/a>",null,null,null,null,null,null,null,null,null,null,null,null,null,null,null,null,null,null,null,null,null,null,null]},{"cell":["<span style=\"color:#C08181\"><strong>CA3(25)<\/strong><\/span>","<a href=\"neuron_page.php?id=2009\" target=\"blank\" title=\"CA3 O-LM\"CA3 (i)11003 O-LM\"><font color=\"#CC0000\">CA3 O-LM<\/font><\/a>","<a style=\"text-decoration:none\" href=\"property_page_fp.php?id_neuron=2009&parameter=ASP.&count=1&page=1\" target=\"_blank\"><div style='background-color:#FF8C00'><font color='white'> 1<\/font><\/div><\/a>",null,null,null,null,null,null,null,null,null,null,null,null,null,null,null,null,null,null,null,null,null,null,null]},{"cell":["<span style=\"color:#C08181\"><strong>CA3(25)<\/strong><\/span>","<a href=\"neuron_page.php?id=2049\" target=\"blank\" title=\"CA3 QuadD-LM\"CA3 (i)12222 QuadD-LM\"><font color=\"#CC0000\">CA3 QuadD-LM<\/font><\/a>",null,null,null,null,null,null,null,null,null,null,null,null,null,null,null,null,null,null,null,null,null,null,null,null]},{"cell":["<span style=\"color:#C08181\"><strong>CA3(25)<\/strong><\/span>","<a href=\"neuron_page.php?id=2023\" target=\"blank\" title=\"CA3 Radiatum\"CA3 (i)03000 Radiatum\"><font color=\"#CC0000\">CA3 Radiatum<\/font><\/a>",null,null,null,null,null,null,null,null,null,null,null,null,null,null,null,null,null,null,null,null,null,null,null,null]},{"cell":["<span style=\"color:#C08181\"><strong>CA3(25)<\/strong><\/span>","<a href=\"neuron_page.php?id=2008\" target=\"blank\" title=\"CA3 R-LM\"CA3 (i)12000 R-LM\"><font color=\"#CC0000\">CA3 R-LM<\/font><\/a>",null,null,null,null,null,null,null,null,null,null,null,null,null,null,null,null,null,null,null,null,null,null,null,null]},{"cell":["<span style=\"color:#C08181\"><strong>CA3(25)<\/strong><\/span>","<a href=\"neuron_page.php?id=2022\" target=\"blank\" title=\"CA3 SO-SO\"CA3 (i)00003 SO-SO\"><font color=\"#CC0000\">CA3 SO-SO<\/font><\/a>",null,null,null,null,null,null,null,null,null,null,null,null,null,null,null,null,null,null,null,null,null,null,null,null]},{"cell":["<span style=\"color:#C08181\"><strong>CA3(25)<\/strong><\/span>","<a href=\"neuron_page.php?id=2020\" target=\"blank\" title=\"CA3 Trilaminar\"CA3 (i)01113p-CA1_0111-SUB_001 Trilaminar\"><font color=\"#CC0000\">CA3 Trilaminar<\/font><\/a>",null,null,null,null,null,null,null,null,null,null,null,null,null,null,null,"<a style=\"text-decoration:none\" href=\"property_page_fp.php?id_neuron=2020&parameter=PSTUT&count=1&page=1\" target=\"_blank\"><div style='background-color:#FF8C00'><font color='white'> 1<\/font><\/div><\/a>",null,null,null,null,null,null,null,null]},{"cell":["<span style=\"color:#FFCC00\"><strong>CA2(5)<\/strong><\/span>","<a href=\"neuron_page.php?id=3000\" target=\"blank\" title=\"CA2 Pyramidal\"CA2 (e)2333p-DG_0001-CA3_01011-CA1_0111 Pyramidal\"><font color=\"#339900\">CA2 Pyramidal<\/font><\/a>",null,null,null,null,null,"<a style=\"text-decoration:none\" href=\"property_page_fp.php?id_neuron=3000&parameter=D.ASP.&count=1&page=1\" target=\"_blank\"><div style='background-color:#FF8C00'><font color='white'> 1<\/font><\/div><\/a>",null,null,null,null,null,null,null,null,null,null,null,null,null,null,null,null,null,null]},{"cell":["<span style=\"color:#FFCC00\"><strong>CA2(5)<\/strong><\/span>","<a href=\"neuron_page.php?id=3006\" target=\"blank\" title=\"CA2 Basket\"CA2 (i)2232 Basket\"><font color=\"#CC0000\">CA2 Basket<\/font><\/a>",null,null,null,null,null,null,null,null,"<a style=\"text-decoration:none\" href=\"property_page_fp.php?id_neuron=3006&parameter=D.PSTUT&count=1&page=1\" target=\"_blank\"><div style='background-color:#FF8C00'><font color='white'> 1<\/font><\/div><\/a>",null,null,null,null,null,null,"<a style=\"text-decoration:none\" href=\"property_page_fp.php?id_neuron=3006&parameter=PSTUT&count=1&page=1\" target=\"_blank\"><div style='background-color:#FF8C00'><font color='white'> 1<\/font><\/div><\/a>",null,null,null,null,null,null,null,null]},{"cell":["<span style=\"color:#FFCC00\"><strong>CA2(5)<\/strong><\/span>","<a href=\"neuron_page.php?id=3007\" target=\"blank\" title=\"CA2 Wide-Arbor Basket\"CA2 (i)2232p-CA3_00030-CA1_0030 Wide-Arbor Basket\"><font color=\"#CC0000\">CA2 Wide-Arbor Basket<\/font><\/a>",null,null,"<a style=\"text-decoration:none\" href=\"property_page_fp.php?id_neuron=3007&parameter=ASP.NASP&count=1&page=1\" target=\"_blank\"><div style='background-color:#FF8C00'><font color='white'> 1<\/font><\/div><\/a>",null,null,null,null,null,null,null,null,null,null,null,null,null,null,null,null,null,null,null,null,null]},{"cell":["<span style=\"color:#FFCC00\"><strong>CA2(5)<\/strong><\/span>","<a href=\"neuron_page.php?id=3003\" target=\"blank\" title=\"CA2 Bistratified\"CA2 (i)0313p-CA1__0101 Bistratified\"><font color=\"#CC0000\">CA2 Bistratified<\/font><\/a>","<a style=\"text-decoration:none\" href=\"property_page_fp.php?id_neuron=3003&parameter=ASP.&count=1&page=1\" target=\"_blank\"><div style='background-color:#FF8C00'><font color='white'> 1<\/font><\/div><\/a>",null,null,null,null,null,null,null,null,null,null,null,null,null,null,null,null,null,null,null,null,null,null,null]},{"cell":["<span style=\"color:#FFCC00\"><strong>CA2(5)<\/strong><\/span>","<a href=\"neuron_page.php?id=3008\" target=\"blank\" title=\"CA2 SP-SR\"CA2 (i)0302 SP-SR\"><font color=\"#CC0000\">CA2 SP-SR<\/font><\/a>",null,null,null,null,null,null,null,null,null,null,null,null,null,null,null,null,null,"<a style=\"text-decoration:none\" href=\"property_page_fp.php?id_neuron=3008&parameter=TSTUT.&count=1&page=1\" target=\"_blank\"><div style='background-color:#FF8C00'><font color='white'> 1<\/font><\/div><\/a>",null,null,null,null,null,null]},{"cell":["<span style=\"color:#FF6103\"><strong>CA1(40)<\/strong><\/span>","<a href=\"neuron_page.php?id=4000\" target=\"blank\" title=\"CA1 Pyramidal\"CA1 (e)2223p-SUB_111-EC_000011 Pyramidal\"><font color=\"#339900\">CA1 Pyramidal<\/font><\/a>","<a style=\"text-decoration:none\" href=\"property_page_fp.php?id_neuron=4000&parameter=ASP.&count=1&page=1\" target=\"_blank\"><div style='background-color:#FF8C00'><font color='white'> 1<\/font><\/div><\/a>",null,null,null,null,null,null,null,null,null,null,null,null,null,"<a style=\"text-decoration:none\" href=\"property_page_fp.php?id_neuron=4000&parameter=NASP&count=1&page=1\" target=\"_blank\"><div style='background-color:#FF8C00'><font color='white'> 1<\/font><\/div><\/a>","<a style=\"text-decoration:none\" href=\"property_page_fp.php?id_neuron=4000&parameter=PSTUT&count=1&page=1\" target=\"_blank\"><div style='background-color:#FF8C00'><font color='white'> 1<\/font><\/div><\/a>",null,null,null,null,null,"<a style=\"text-decoration:none\" href=\"property_page_fp.php?id_neuron=4000&parameter=TSWB.NASP&count=1&page=1\" target=\"_blank\"><div style='background-color:#FF8C00'><font color='white'> 1<\/font><\/div><\/a>",null,null]},{"cell":["<span style=\"color:#FF6103\"><strong>CA1(40)<\/strong><\/span>","<a href=\"neuron_page.php?id=4094\" target=\"blank\" title=\"Cajal-Retzius\"CA1 (e)3000 Cajal-Retzius\"><font color=\"#339900\">Cajal-Retzius<\/font><\/a>",null,null,null,null,null,null,null,null,null,null,null,null,null,null,null,null,null,null,null,null,null,null,null,null]},{"cell":["<span style=\"color:#FF6103\"><strong>CA1(40)<\/strong><\/span>","<a href=\"neuron_page.php?id=4054\" target=\"blank\" title=\"CA1 Radiatum Giant\"CA1 (e)2201 Radiatum Giant\"><font color=\"#339900\">CA1 Radiatum Giant<\/font><\/a>",null,null,null,null,null,null,null,null,null,null,null,null,null,null,"<a style=\"text-decoration:none\" href=\"property_page_fp.php?id_neuron=4054&parameter=NASP&count=1&page=1\" target=\"_blank\"><div style='background-color:#FF8C00'><font color='white'> 1<\/font><\/div><\/a>",null,null,null,null,null,null,null,null,null]},{"cell":["<span style=\"color:#FF6103\"><strong>CA1(40)<\/strong><\/span>","<a href=\"neuron_page.php?id=4036\" target=\"blank\" title=\"CA1 Axo-axonic\"CA1 (i)2232 Axo-axonic\"><font color=\"#CC0000\">CA1 Axo-axonic<\/font><\/a>","<a style=\"text-decoration:none\" href=\"property_page_fp.php?id_neuron=4036&parameter=ASP.&count=2&page=1\" target=\"_blank\"><div style='background-color:#0000FF'><font color='white'> 2<\/font><\/div><\/a>",null,null,null,null,null,null,null,null,"<a style=\"text-decoration:none\" href=\"property_page_fp.php?id_neuron=4036&parameter=D.TSWB.NASP&count=1&page=1\" target=\"_blank\"><div style='background-color:#FF8C00'><font color='white'> 1<\/font><\/div><\/a>",null,null,null,null,null,"<a style=\"text-decoration:none\" href=\"property_page_fp.php?id_neuron=4036&parameter=PSTUT&count=2&page=1\" target=\"_blank\"><div style='background-color:#0000FF'><font color='white'> 2<\/font><\/div><\/a>",null,null,null,null,null,null,null,null]},{"cell":["<span style=\"color:#FF6103\"><strong>CA1(40)<\/strong><\/span>","<a href=\"neuron_page.php?id=4038\" target=\"blank\" title=\"CA1 Horizontal Axo-axonic\"CA1 (i)0012 Horizontal Axo-axonic\"><font color=\"#CC0000\">CA1 Horizontal Axo-axonic<\/font><\/a>",null,null,null,null,null,null,null,null,null,null,null,null,null,null,"<a style=\"text-decoration:none\" href=\"property_page_fp.php?id_neuron=4038&parameter=NASP&count=1&page=1\" target=\"_blank\"><div style='background-color:#FF8C00'><font color='white'> 1<\/font><\/div><\/a>",null,null,null,null,null,null,null,null,null]},{"cell":["<span style=\"color:#FF6103\"><strong>CA1(40)<\/strong><\/span>","<a href=\"neuron_page.php?id=4023\" target=\"blank\" title=\"CA1 Back-Projection\"CA1 (i)1133p-DG_0001-CA3_11101 Back-Projection\"><font color=\"#CC0000\">CA1 Back-Projection<\/font><\/a>",null,null,null,null,null,null,null,null,null,null,null,null,null,null,"<a style=\"text-decoration:none\" href=\"property_page_fp.php?id_neuron=4023&parameter=NASP&count=1&page=1\" target=\"_blank\"><div style='background-color:#FF8C00'><font color='white'> 1<\/font><\/div><\/a>",null,null,null,null,null,null,null,null,null]},{"cell":["<span style=\"color:#FF6103\"><strong>CA1(40)<\/strong><\/span>","<a href=\"neuron_page.php?id=4078\" target=\"blank\" title=\"CA1 Basket\"CA1 (i)2232 Basket\"><font color=\"#CC0000\">CA1 Basket<\/font><\/a>",null,null,null,"<a style=\"text-decoration:none\" href=\"property_page_fp.php?id_neuron=4078&parameter=ASP.SLN&count=1&page=1\" target=\"_blank\"><div style='background-color:#FF8C00'><font color='white'> 1<\/font><\/div><\/a>",null,null,null,null,null,null,null,null,null,null,"<a style=\"text-decoration:none\" href=\"property_page_fp.php?id_neuron=4078&parameter=NASP&count=2&page=1\" target=\"_blank\"><div style='background-color:#0000FF'><font color='white'> 2<\/font><\/div><\/a>",null,null,"<a style=\"text-decoration:none\" href=\"property_page_fp.php?id_neuron=4078&parameter=TSTUT.&count=1&page=1\" target=\"_blank\"><div style='background-color:#FF8C00'><font color='white'> 1<\/font><\/div><\/a>",null,null,null,null,null,null]},{"cell":["<span style=\"color:#FF6103\"><strong>CA1(40)<\/strong><\/span>","<a href=\"neuron_page.php?id=4079\" target=\"blank\" title=\"CA1 Basket CCK+\"CA1 (i)2232 Basket CCK+\"><font color=\"#CC0000\">CA1 Basket CCK+<\/font><\/a>","<a style=\"text-decoration:none\" href=\"property_page_fp.php?id_neuron=4079&parameter=ASP.&count=1&page=1\" target=\"_blank\"><div style='background-color:#FF8C00'><font color='white'> 1<\/font><\/div><\/a>",null,null,null,null,null,null,null,null,null,null,null,null,null,null,null,null,null,null,null,null,null,null,null]},{"cell":["<span style=\"color:#FF6103\"><strong>CA1(40)<\/strong><\/span>","<a href=\"neuron_page.php?id=4039\" target=\"blank\" title=\"CA1 Horizontal Basket\"CA1 (i)0012 Horizontal Basket\"><font color=\"#CC0000\">CA1 Horizontal Basket<\/font><\/a>","<a style=\"text-decoration:none\" href=\"property_page_fp.php?id_neuron=4039&parameter=ASP.&count=1&page=1\" target=\"_blank\"><div style='background-color:#FF8C00'><font color='white'> 1<\/font><\/div><\/a>",null,null,null,null,null,null,null,null,null,null,null,null,null,"<a style=\"text-decoration:none\" href=\"property_page_fp.php?id_neuron=4039&parameter=NASP&count=1&page=1\" target=\"_blank\"><div style='background-color:#FF8C00'><font color='white'> 1<\/font><\/div><\/a>",null,null,null,null,null,null,null,null,null]},{"cell":["<span style=\"color:#FF6103\"><strong>CA1(40)<\/strong><\/span>","<a href=\"neuron_page.php?id=4080\" target=\"blank\" title=\"CA1 Bistratified\"CA1 (i)0333 Bistratified\"><font color=\"#CC0000\">CA1 Bistratified<\/font><\/a>","<a style=\"text-decoration:none\" href=\"property_page_fp.php?id_neuron=4080&parameter=ASP.&count=2&page=1\" target=\"_blank\"><div style='background-color:#0000FF'><font color='white'> 2<\/font><\/div><\/a>",null,null,null,null,null,null,null,null,null,null,null,null,null,null,"<a style=\"text-decoration:none\" href=\"property_page_fp.php?id_neuron=4080&parameter=PSTUT&count=2&page=1\" target=\"_blank\"><div style='background-color:#0000FF'><font color='white'> 2<\/font><\/div><\/a>",null,null,null,null,null,null,null,null]},{"cell":["<span style=\"color:#FF6103\"><strong>CA1(40)<\/strong><\/span>","<a href=\"neuron_page.php?id=4022\" target=\"blank\" title=\"CA1 Interneuron Specific LMO-O\"CA1 (i)2003 Interneuron Specific LMO-O\"><font color=\"#CC0000\">CA1 Interneuron Specific LMO-O<\/font><\/a>",null,null,null,null,null,null,null,null,null,null,null,null,null,null,null,null,null,null,null,null,null,null,null,null]},{"cell":["<span style=\"color:#FF6103\"><strong>CA1(40)<\/strong><\/span>","<a href=\"neuron_page.php?id=4021\" target=\"blank\" title=\"CA1 Interneuron Specific LM-R\"CA1 (i)2100 Interneuron Specific LM-R\"><font color=\"#CC0000\">CA1 Interneuron Specific LM-R<\/font><\/a>",null,null,null,null,null,null,null,null,null,null,null,null,null,null,null,null,null,null,null,null,null,null,null,null]},{"cell":["<span style=\"color:#FF6103\"><strong>CA1(40)<\/strong><\/span>","<a href=\"neuron_page.php?id=4056\" target=\"blank\" title=\"CA1 Interneuron Specific LMR-R\"CA1 (i)2300 Interneuron Specific LMR-R\"><font color=\"#CC0000\">CA1 Interneuron Specific LMR-R<\/font><\/a>",null,null,null,null,null,null,null,null,null,null,null,null,null,null,null,null,null,null,null,null,null,null,null,null]},{"cell":["<span style=\"color:#FF6103\"><strong>CA1(40)<\/strong><\/span>","<a href=\"neuron_page.php?id=4031\" target=\"blank\" title=\"CA1 Interneuron Specific O-R\"CA1 (i)0102 Interneuron Specific O-R\"><font color=\"#CC0000\">CA1 Interneuron Specific O-R<\/font><\/a>",null,null,null,null,null,null,null,null,null,null,null,null,null,null,null,null,null,null,null,null,null,null,null,null]},{"cell":["<span style=\"color:#FF6103\"><strong>CA1(40)<\/strong><\/span>","<a href=\"neuron_page.php?id=4020\" target=\"blank\" title=\"CA1 Interneuron Specific O-Targeting QuadD\"CA1 (i)2223 Interneuron Specific O-Targeting QuadD\"><font color=\"#CC0000\">CA1 Interneuron Specific O-Targeting QuadD<\/font><\/a>",null,null,null,null,null,null,null,null,null,null,null,null,null,null,null,null,null,null,null,null,null,null,null,null]},{"cell":["<span style=\"color:#FF6103\"><strong>CA1(40)<\/strong><\/span>","<a href=\"neuron_page.php?id=4091\" target=\"blank\" title=\"CA1 Interneuron Specific R-O\"CA1 (i)0221 Interneuron Specific R-O\"><font color=\"#CC0000\">CA1 Interneuron Specific R-O<\/font><\/a>",null,null,null,null,null,null,null,null,null,null,null,null,null,null,null,null,null,null,null,null,null,null,null,null]},{"cell":["<span style=\"color:#FF6103\"><strong>CA1(40)<\/strong><\/span>","<a href=\"neuron_page.php?id=4093\" target=\"blank\" title=\"CA1 Interneuron Specific RO-O\"CA1 (i)0203 Interneuron Specific RO-O\"><font color=\"#CC0000\">CA1 Interneuron Specific RO-O<\/font><\/a>",null,null,null,null,null,null,null,null,null,null,null,null,null,null,null,null,null,null,null,null,null,null,null,null]},{"cell":["<span style=\"color:#FF6103\"><strong>CA1(40)<\/strong><\/span>","<a href=\"neuron_page.php?id=4081\" target=\"blank\" title=\"CA1 Ivy\"CA1 (i)0333 Ivy\"><font color=\"#CC0000\">CA1 Ivy<\/font><\/a>","<a style=\"text-decoration:none\" href=\"property_page_fp.php?id_neuron=4081&parameter=ASP.&count=2&page=1\" target=\"_blank\"><div style='background-color:#0000FF'><font color='white'> 2<\/font><\/div><\/a>",null,null,null,null,null,null,null,null,null,null,null,null,null,null,null,null,null,null,null,null,null,null,null]},{"cell":["<span style=\"color:#FF6103\"><strong>CA1(40)<\/strong><\/span>","<a href=\"neuron_page.php?id=4005\" target=\"blank\" title=\"CA1 LMR\"CA1 (i)3300 LMR\"><font color=\"#CC0000\">CA1 LMR<\/font><\/a>","<a style=\"text-decoration:none\" href=\"property_page_fp.php?id_neuron=4005&parameter=ASP.&count=2&page=1\" target=\"_blank\"><div style='background-color:#0000FF'><font color='white'> 2<\/font><\/div><\/a>",null,null,null,null,null,null,null,null,null,null,null,null,null,null,null,null,null,null,null,null,null,null,null]},{"cell":["<span style=\"color:#FF6103\"><strong>CA1(40)<\/strong><\/span>","<a href=\"neuron_page.php?id=4004\" target=\"blank\" title=\"CA1 LMR Projecting\"CA1 (i)3300p-DG_1110 LMR Projecting\"><font color=\"#CC0000\">CA1 LMR Projecting<\/font><\/a>",null,null,null,null,null,null,null,null,null,null,null,null,null,null,null,null,null,null,null,null,null,null,null,null]},{"cell":["<span style=\"color:#FF6103\"><strong>CA1(40)<\/strong><\/span>","<a href=\"neuron_page.php?id=4012\" target=\"blank\" title=\"CA1 Neurogliaform\"CA1 (i)3000 Neurogliaform\"><font color=\"#CC0000\">CA1 Neurogliaform<\/font><\/a>","<a style=\"text-decoration:none\" href=\"property_page_fp.php?id_neuron=4012&parameter=ASP.&count=2&page=1\" target=\"_blank\"><div style='background-color:#0000FF'><font color='white'> 2<\/font><\/div><\/a>",null,null,null,"<a style=\"text-decoration:none\" href=\"property_page_fp.php?id_neuron=4012&parameter=D.&count=1&page=1\" target=\"_blank\"><div style='background-color:#FF8C00'><font color='white'> 1<\/font><\/div><\/a>",null,null,null,null,null,null,null,null,null,null,"<a style=\"text-decoration:none\" href=\"property_page_fp.php?id_neuron=4012&parameter=PSTUT&count=1&page=1\" target=\"_blank\"><div style='background-color:#FF8C00'><font color='white'> 1<\/font><\/div><\/a>",null,null,null,null,null,null,null,null]},{"cell":["<span style=\"color:#FF6103\"><strong>CA1(40)<\/strong><\/span>","<a href=\"neuron_page.php?id=4011\" target=\"blank\" title=\"CA1 Neurogliaform Projecting\"CA1 (i)3000p-DG_3000 Neurogliaform Projecting\"><font color=\"#CC0000\">CA1 Neurogliaform Projecting<\/font><\/a>","<a style=\"text-decoration:none\" href=\"property_page_fp.php?id_neuron=4011&parameter=ASP.&count=1&page=1\" target=\"_blank\"><div style='background-color:#FF8C00'><font color='white'> 1<\/font><\/div><\/a>",null,null,null,null,null,null,null,null,null,null,null,null,null,null,"<a style=\"text-decoration:none\" href=\"property_page_fp.php?id_neuron=4011&parameter=PSTUT&count=2&page=1\" target=\"_blank\"><div style='background-color:#0000FF'><font color='white'> 2<\/font><\/div><\/a>",null,null,null,null,null,null,null,null]},{"cell":["<span style=\"color:#FF6103\"><strong>CA1(40)<\/strong><\/span>","<a href=\"neuron_page.php?id=4069\" target=\"blank\" title=\"CA1 O-LM\"CA1 (i)1002 O-LM\"><font color=\"#CC0000\">CA1 O-LM<\/font><\/a>",null,null,null,null,null,null,null,null,null,null,null,null,null,null,"<a style=\"text-decoration:none\" href=\"property_page_fp.php?id_neuron=4069&parameter=NASP&count=2&page=1\" target=\"_blank\"><div style='background-color:#0000FF'><font color='white'> 2<\/font><\/div><\/a>",null,null,null,null,null,null,null,null,null]},{"cell":["<span style=\"color:#FF6103\"><strong>CA1(40)<\/strong><\/span>","<a href=\"neuron_page.php?id=4089\" target=\"blank\" title=\"CA1 Recurrent O-LM\"CA1 (i)1003 Recurrent O-LM\"><font color=\"#CC0000\">CA1 Recurrent O-LM<\/font><\/a>","<a style=\"text-decoration:none\" href=\"property_page_fp.php?id_neuron=4089&parameter=ASP.&count=2&page=1\" target=\"_blank\"><div style='background-color:#0000FF'><font color='white'> 2<\/font><\/div><\/a>",null,null,null,null,null,null,null,null,null,null,null,null,null,"<a style=\"text-decoration:none\" href=\"property_page_fp.php?id_neuron=4089&parameter=NASP&count=1&page=1\" target=\"_blank\"><div style='background-color:#FF8C00'><font color='white'> 1<\/font><\/div><\/a>",null,null,null,null,null,null,null,null,null]},{"cell":["<span style=\"color:#FF6103\"><strong>CA1(40)<\/strong><\/span>","<a href=\"neuron_page.php?id=4087\" target=\"blank\" title=\"CA1 O-LMR\"CA1 (i)1102 O-LMR\"><font color=\"#CC0000\">CA1 O-LMR<\/font><\/a>",null,null,null,null,null,null,null,null,null,null,null,null,null,null,null,null,null,null,null,"<a style=\"text-decoration:none\" href=\"property_page_fp.php?id_neuron=4087&parameter=TSTUT.NASP&count=1&page=1\" target=\"_blank\"><div style='background-color:#FF8C00'><font color='white'> 1<\/font><\/div><\/a>",null,null,null,null]},{"cell":["<span style=\"color:#FF6103\"><strong>CA1(40)<\/strong><\/span>","<a href=\"neuron_page.php?id=4055\" target=\"blank\" title=\"CA1 Oriens\/Alveus\"CA1 (i)2233 Oriens\/Alveus\"><font color=\"#CC0000\">CA1 Oriens\/Alveus<\/font><\/a>","<a style=\"text-decoration:none\" href=\"property_page_fp.php?id_neuron=4055&parameter=ASP.&count=1&page=1\" target=\"_blank\"><div style='background-color:#FF8C00'><font color='white'> 1<\/font><\/div><\/a>",null,null,null,null,null,null,null,null,null,null,null,null,null,"<a style=\"text-decoration:none\" href=\"property_page_fp.php?id_neuron=4055&parameter=NASP&count=2&page=1\" target=\"_blank\"><div style='background-color:#0000FF'><font color='white'> 2<\/font><\/div><\/a>",null,null,null,null,null,null,null,null,null]},{"cell":["<span style=\"color:#FF6103\"><strong>CA1(40)<\/strong><\/span>","<a href=\"neuron_page.php?id=4083\" target=\"blank\" title=\"CA1 Oriens-Bistratified\"CA1 (i)0103 Oriens-Bistratified\"><font color=\"#CC0000\">CA1 Oriens-Bistratified<\/font><\/a>",null,null,null,null,null,null,null,null,null,null,null,null,null,null,null,"<a style=\"text-decoration:none\" href=\"property_page_fp.php?id_neuron=4083&parameter=PSTUT&count=1&page=1\" target=\"_blank\"><div style='background-color:#FF8C00'><font color='white'> 1<\/font><\/div><\/a>",null,null,null,null,null,null,null,null]},{"cell":["<span style=\"color:#FF6103\"><strong>CA1(40)<\/strong><\/span>","<a href=\"neuron_page.php?id=4068\" target=\"blank\" title=\"CA1 Oriens-Bistratified Projecting\"CA1 (i)1113p-SUB_111 Oriens-Bistratified Projecting\"><font color=\"#CC0000\">CA1 Oriens-Bistratified Projecting<\/font><\/a>",null,null,null,null,null,null,null,null,null,null,null,null,null,null,null,null,null,null,null,null,null,null,null,null]},{"cell":["<span style=\"color:#FF6103\"><strong>CA1(40)<\/strong><\/span>","<a href=\"neuron_page.php?id=4066\" target=\"blank\" title=\"CA1 OR-LM\"CA1 (i)1202 OR-LM\"><font color=\"#CC0000\">CA1 OR-LM<\/font><\/a>",null,null,null,null,null,null,null,null,null,null,null,null,null,null,"<a style=\"text-decoration:none\" href=\"property_page_fp.php?id_neuron=4066&parameter=NASP&count=2&page=1\" target=\"_blank\"><div style='background-color:#0000FF'><font color='white'> 2<\/font><\/div><\/a>",null,null,null,null,null,null,null,null,null]},{"cell":["<span style=\"color:#FF6103\"><strong>CA1(40)<\/strong><\/span>","<a href=\"neuron_page.php?id=4006\" target=\"blank\" title=\"CA1 Perforant Path-Associated\"CA1 (i)3200p-DG_1000-SUB_100 Perforant Path-Associated\"><font color=\"#CC0000\">CA1 Perforant Path-Associated<\/font><\/a>",null,null,null,"<a style=\"text-decoration:none\" href=\"property_page_fp.php?id_neuron=4006&parameter=ASP.SLN&count=1&page=1\" target=\"_blank\"><div style='background-color:#FF8C00'><font color='white'> 1<\/font><\/div><\/a>",null,null,null,null,null,null,null,null,null,null,"<a style=\"text-decoration:none\" href=\"property_page_fp.php?id_neuron=4006&parameter=NASP&count=1&page=1\" target=\"_blank\"><div style='background-color:#FF8C00'><font color='white'> 1<\/font><\/div><\/a>",null,null,null,null,null,null,null,null,null]},{"cell":["<span style=\"color:#FF6103\"><strong>CA1(40)<\/strong><\/span>","<a href=\"neuron_page.php?id=4076\" target=\"blank\" title=\"CA1 Perforant Path-Associated QuadD\"CA1 (i)3222 Perforant Path-Associated QuadD\"><font color=\"#CC0000\">CA1 Perforant Path-Associated QuadD<\/font><\/a>",null,null,null,null,null,null,null,null,null,null,null,null,null,null,"<a style=\"text-decoration:none\" href=\"property_page_fp.php?id_neuron=4076&parameter=NASP&count=2&page=1\" target=\"_blank\"><div style='background-color:#0000FF'><font color='white'> 2<\/font><\/div><\/a>",null,null,null,null,null,null,null,null,null]},{"cell":["<span style=\"color:#FF6103\"><strong>CA1(40)<\/strong><\/span>","<a href=\"neuron_page.php?id=4003\" target=\"blank\" title=\"CA1 Quadrilaminar\"CA1 (i)3333 Quadrilaminar\"><font color=\"#CC0000\">CA1 Quadrilaminar<\/font><\/a>","<a style=\"text-decoration:none\" href=\"property_page_fp.php?id_neuron=4003&parameter=ASP.&count=1&page=1\" target=\"_blank\"><div style='background-color:#FF8C00'><font color='white'> 1<\/font><\/div><\/a>",null,null,null,null,null,null,null,null,null,null,null,null,null,null,null,null,null,null,null,null,null,null,null]},{"cell":["<span style=\"color:#FF6103\"><strong>CA1(40)<\/strong><\/span>","<a href=\"neuron_page.php?id=4028\" target=\"blank\" title=\"CA1 Radiatum\"CA1 (i)0300 Radiatum\"><font color=\"#CC0000\">CA1 Radiatum<\/font><\/a>","<a style=\"text-decoration:none\" href=\"property_page_fp.php?id_neuron=4028&parameter=ASP.&count=1&page=1\" target=\"_blank\"><div style='background-color:#FF8C00'><font color='white'> 1<\/font><\/div><\/a>",null,null,null,null,null,null,null,null,null,null,null,null,null,"<a style=\"text-decoration:none\" href=\"property_page_fp.php?id_neuron=4028&parameter=NASP&count=2&page=1\" target=\"_blank\"><div style='background-color:#0000FF'><font color='white'> 2<\/font><\/div><\/a>",null,null,null,null,null,null,null,null,null]},{"cell":["<span style=\"color:#FF6103\"><strong>CA1(40)<\/strong><\/span>","<a href=\"neuron_page.php?id=4061\" target=\"blank\" title=\"CA1 R-Receiving Apical-Targeting\"CA1 (i)1300 R-Receiving Apical-Targeting\"><font color=\"#CC0000\">CA1 R-Receiving Apical-Targeting<\/font><\/a>","<a style=\"text-decoration:none\" href=\"property_page_fp.php?id_neuron=4061&parameter=ASP.&count=1&page=1\" target=\"_blank\"><div style='background-color:#FF8C00'><font color='white'> 1<\/font><\/div><\/a>",null,null,null,null,null,null,null,null,null,null,null,null,null,"<a style=\"text-decoration:none\" href=\"property_page_fp.php?id_neuron=4061&parameter=NASP&count=1&page=1\" target=\"_blank\"><div style='background-color:#FF8C00'><font color='white'> 1<\/font><\/div><\/a>",null,null,null,null,null,null,null,null,null]},{"cell":["<span style=\"color:#FF6103\"><strong>CA1(40)<\/strong><\/span>","<a href=\"neuron_page.php?id=4015\" target=\"blank\" title=\"Schaffer Collateral-Associated\"CA1 (i)2311 Schaffer Collateral-Associated\"><font color=\"#CC0000\">Schaffer Collateral-Associated<\/font><\/a>","<a style=\"text-decoration:none\" href=\"property_page_fp.php?id_neuron=4015&parameter=ASP.&count=2&page=1\" target=\"_blank\"><div style='background-color:#0000FF'><font color='white'> 2<\/font><\/div><\/a>","<a style=\"text-decoration:none\" href=\"property_page_fp.php?id_neuron=4015&parameter=ASP.ASP.&count=1&page=1\" target=\"_blank\"><div style='background-color:#FF8C00'><font color='white'> 1<\/font><\/div><\/a>",null,"<a style=\"text-decoration:none\" href=\"property_page_fp.php?id_neuron=4015&parameter=ASP.SLN&count=1&page=1\" target=\"_blank\"><div style='background-color:#FF8C00'><font color='white'> 1<\/font><\/div><\/a>",null,null,null,null,null,null,null,null,null,null,null,null,null,null,null,null,null,null,null,null]},{"cell":["<span style=\"color:#FF6103\"><strong>CA1(40)<\/strong><\/span>","<a href=\"neuron_page.php?id=4084\" target=\"blank\" title=\"Schaffer Collateral-Receiving R-Targeting\"CA1 (i)0322 Schaffer Collateral-Receiving R-Targeting\"><font color=\"#CC0000\">Schaffer Collateral-Receiving R-Targeting<\/font><\/a>",null,null,null,null,null,null,null,null,null,null,null,null,null,null,null,null,null,null,null,null,null,null,null,null]},{"cell":["<span style=\"color:#FF6103\"><strong>CA1(40)<\/strong><\/span>","<a href=\"neuron_page.php?id=4033\" target=\"blank\" title=\"CA1 SO-SO\"CA1 (i)0003 SO-SO\"><font color=\"#CC0000\">CA1 SO-SO<\/font><\/a>","<a style=\"text-decoration:none\" href=\"property_page_fp.php?id_neuron=4033&parameter=ASP.&count=2&page=1\" target=\"_blank\"><div style='background-color:#0000FF'><font color='white'> 2<\/font><\/div><\/a>",null,null,null,null,null,null,null,null,null,null,null,null,null,null,null,null,null,null,null,null,null,null,null]},{"cell":["<span style=\"color:#FF6103\"><strong>CA1(40)<\/strong><\/span>","<a href=\"neuron_page.php?id=4041\" target=\"blank\" title=\"CA1 Hippocampo-subicular Projecting ENK+\"CA1 (i)0313p-SUB_001 Hippocampo-subicular Projecting ENK+\"><font color=\"#CC0000\">CA1 Hippocampo-subicular Projecting ENK+<\/font><\/a>",null,null,null,null,null,null,null,null,null,null,null,null,null,null,null,null,null,null,null,null,null,null,null,null]},{"cell":["<span style=\"color:#FF6103\"><strong>CA1(40)<\/strong><\/span>","<a href=\"neuron_page.php?id=4035\" target=\"blank\" title=\"CA1 Trilaminar\"CA1 (i)0113p-SUB_111 Trilaminar\"><font color=\"#CC0000\">CA1 Trilaminar<\/font><\/a>","<a style=\"text-decoration:none\" href=\"property_page_fp.php?id_neuron=4035&parameter=ASP.&count=1&page=1\" target=\"_blank\"><div style='background-color:#FF8C00'><font color='white'> 1<\/font><\/div><\/a>",null,null,"<a style=\"text-decoration:none\" href=\"property_page_fp.php?id_neuron=4035&parameter=ASP.SLN&count=1&page=1\" target=\"_blank\"><div style='background-color:#FF8C00'><font color='white'> 1<\/font><\/div><\/a>",null,null,null,null,null,null,null,null,null,null,"<a style=\"text-decoration:none\" href=\"property_page_fp.php?id_neuron=4035&parameter=NASP&count=1&page=1\" target=\"_blank\"><div style='background-color:#FF8C00'><font color='white'> 1<\/font><\/div><\/a>",null,null,null,null,null,null,null,null,null]},{"cell":["<span style=\"color:#FF6103\"><strong>CA1(40)<\/strong><\/span>","<a href=\"neuron_page.php?id=4013\" target=\"blank\" title=\"CA1 Radial Trilaminar\"CA1 (i)2333 Radial Trilaminar\"><font color=\"#CC0000\">CA1 Radial Trilaminar<\/font><\/a>","<a style=\"text-decoration:none\" href=\"property_page_fp.php?id_neuron=4013&parameter=ASP.&count=1&page=1\" target=\"_blank\"><div style='background-color:#FF8C00'><font color='white'> 1<\/font><\/div><\/a>",null,null,null,null,null,null,null,null,null,null,null,null,null,"<a style=\"text-decoration:none\" href=\"property_page_fp.php?id_neuron=4013&parameter=NASP&count=1&page=1\" target=\"_blank\"><div style='background-color:#FF8C00'><font color='white'> 1<\/font><\/div><\/a>","<a style=\"text-decoration:none\" href=\"property_page_fp.php?id_neuron=4013&parameter=PSTUT&count=1&page=1\" target=\"_blank\"><div style='background-color:#FF8C00'><font color='white'> 1<\/font><\/div><\/a>",null,null,null,null,null,null,null,null]},{"cell":["<span style=\"color:#FFCC33\"><strong>SUB(3)<\/strong><\/span>","<a href=\"neuron_page.php?id=5001\" target=\"blank\" title=\"SUB EC-Projecting Pyramidal\"SUB (e)331p-EC_000111 EC-Projecting Pyramidal\"><font color=\"#339900\">SUB EC-Projecting Pyramidal<\/font><\/a>",null,null,null,null,null,null,null,null,null,null,null,null,null,null,null,null,null,null,null,null,null,null,null,null]},{"cell":["<span style=\"color:#FFCC33\"><strong>SUB(3)<\/strong><\/span>","<a href=\"neuron_page.php?id=5005\" target=\"blank\" title=\"SUB CA1-Projecting Pyramidal\"SUB (e)331p-CA1_1110 CA1-Projecting Pyramidal\"><font color=\"#339900\">SUB CA1-Projecting Pyramidal<\/font><\/a>",null,null,null,null,null,null,null,null,null,null,null,null,null,null,"<a style=\"text-decoration:none\" href=\"property_page_fp.php?id_neuron=5005&parameter=NASP&count=1&page=1\" target=\"_blank\"><div style='background-color:#FF8C00'><font color='white'> 1<\/font><\/div><\/a>",null,null,null,null,null,null,null,null,null]},{"cell":["<span style=\"color:#FFCC33\"><strong>SUB(3)<\/strong><\/span>","<a href=\"neuron_page.php?id=5002\" target=\"blank\" title=\"SUB Axo-axonic\"SUB (i)210 Axo-axonic\"><font color=\"#CC0000\">SUB Axo-axonic<\/font><\/a>",null,null,null,null,null,null,null,null,null,null,null,null,null,null,null,null,null,null,null,null,null,null,null,null]},{"cell":["<span style=\"color:#336633\"><strong>EC(31)<\/strong><\/span>","<a href=\"neuron_page.php?id=6094\" target=\"blank\" title=\"LI-II Multipolar-Pyramidal\"EC (e)231000 LI-II Multipolar-Pyramidal\"><font color=\"#339900\">LI-II Multipolar-Pyramidal<\/font><\/a>","<a style=\"text-decoration:none\" href=\"property_page_fp.php?id_neuron=6094&parameter=ASP.&count=2&page=1\" target=\"_blank\"><div style='background-color:#0000FF'><font color='white'> 2<\/font><\/div><\/a>",null,null,null,null,null,null,null,null,null,null,null,null,null,"<a style=\"text-decoration:none\" href=\"property_page_fp.php?id_neuron=6094&parameter=NASP&count=1&page=1\" target=\"_blank\"><div style='background-color:#FF8C00'><font color='white'> 1<\/font><\/div><\/a>",null,null,null,null,null,null,null,null,null]},{"cell":["<span style=\"color:#336633\"><strong>EC(31)<\/strong><\/span>","<a href=\"neuron_page.php?id=6005\" target=\"blank\" title=\"LI-II Pyramidal-Fan\"EC (e)331000p-DG_1000-SUB_101 LI-II Pyramidal-Fan\"><font color=\"#339900\">LI-II Pyramidal-Fan<\/font><\/a>","<a style=\"text-decoration:none\" href=\"property_page_fp.php?id_neuron=6005&parameter=ASP.&count=2&page=1\" target=\"_blank\"><div style='background-color:#0000FF'><font color='white'> 2<\/font><\/div><\/a>",null,null,null,null,null,null,null,null,null,null,null,null,null,"<a style=\"text-decoration:none\" href=\"property_page_fp.php?id_neuron=6005&parameter=NASP&count=1&page=1\" target=\"_blank\"><div style='background-color:#FF8C00'><font color='white'> 1<\/font><\/div><\/a>",null,null,null,null,null,null,null,null,null]},{"cell":["<span style=\"color:#336633\"><strong>EC(31)<\/strong><\/span>","<a href=\"neuron_page.php?id=6008\" target=\"blank\" title=\"MEC LII-III Pyramidal-Multiform\"MEC (e)233111 LII-III Pyramidal-Multiform\"><font color=\"#339900\">MEC LII-III Pyramidal-Multiform<\/font><\/a>","<a style=\"text-decoration:none\" href=\"property_page_fp.php?id_neuron=6008&parameter=ASP.&count=2&page=1\" target=\"_blank\"><div style='background-color:#0000FF'><font color='white'> 2<\/font><\/div><\/a>",null,null,null,null,null,null,null,null,null,null,null,null,null,"<a style=\"text-decoration:none\" href=\"property_page_fp.php?id_neuron=6008&parameter=NASP&count=1&page=1\" target=\"_blank\"><div style='background-color:#FF8C00'><font color='white'> 1<\/font><\/div><\/a>",null,null,null,null,null,null,null,null,null]},{"cell":["<span style=\"color:#336633\"><strong>EC(31)<\/strong><\/span>","<a href=\"neuron_page.php?id=6019\" target=\"blank\" title=\"MEC LII Oblique Pyramidal\"MEC (e)221100 LII Oblique Pyramidal\"><font color=\"#339900\">MEC LII Oblique Pyramidal<\/font><\/a>",null,null,"<a style=\"text-decoration:none\" href=\"property_page_fp.php?id_neuron=6019&parameter=ASP.NASP&count=1&page=1\" target=\"_blank\"><div style='background-color:#FF8C00'><font color='white'> 1<\/font><\/div><\/a>",null,null,null,null,null,null,null,null,null,null,null,null,null,null,null,null,null,null,null,null,null]},{"cell":["<span style=\"color:#336633\"><strong>EC(31)<\/strong><\/span>","<a href=\"neuron_page.php?id=6003\" target=\"blank\" title=\"MEC LII Stellate\"MEC (e)331111p-DG_1000-CA3_10000-CA2_1000-SUB_111 LII Stellate\"><font color=\"#339900\">MEC LII Stellate<\/font><\/a>",null,null,"<a style=\"text-decoration:none\" href=\"property_page_fp.php?id_neuron=6003&parameter=ASP.NASP&count=1&page=1\" target=\"_blank\"><div style='background-color:#FF8C00'><font color='white'> 1<\/font><\/div><\/a>",null,null,null,null,null,null,null,null,null,null,null,null,null,null,null,null,null,null,null,null,null]},{"cell":["<span style=\"color:#336633\"><strong>EC(31)<\/strong><\/span>","<a href=\"neuron_page.php?id=6082\" target=\"blank\" title=\"LII-III Pyramidal-Tripolar\"EC (e)333000p-DG_1000-SUB_111 LII-III Pyramidal-Tripolar\"><font color=\"#339900\">LII-III Pyramidal-Tripolar<\/font><\/a>","<a style=\"text-decoration:none\" href=\"property_page_fp.php?id_neuron=6082&parameter=ASP.&count=2&page=1\" target=\"_blank\"><div style='background-color:#0000FF'><font color='white'> 2<\/font><\/div><\/a>",null,null,null,null,null,null,null,null,null,null,null,null,null,"<a style=\"text-decoration:none\" href=\"property_page_fp.php?id_neuron=6082&parameter=NASP&count=1&page=1\" target=\"_blank\"><div style='background-color:#FF8C00'><font color='white'> 1<\/font><\/div><\/a>",null,null,null,null,null,null,null,null,null]},{"cell":["<span style=\"color:#336633\"><strong>EC(31)<\/strong><\/span>","<a href=\"neuron_page.php?id=6025\" target=\"blank\" title=\"LEC LIII Multipolar Principal\"LEC (e)113330 LIII Multipolar Principal\"><font color=\"#339900\">LEC LIII Multipolar Principal<\/font><\/a>","<a style=\"text-decoration:none\" href=\"property_page_fp.php?id_neuron=6025&parameter=ASP.&count=2&page=1\" target=\"_blank\"><div style='background-color:#0000FF'><font color='white'> 2<\/font><\/div><\/a>",null,null,null,null,null,null,null,null,null,null,null,null,null,"<a style=\"text-decoration:none\" href=\"property_page_fp.php?id_neuron=6025&parameter=NASP&count=1&page=1\" target=\"_blank\"><div style='background-color:#FF8C00'><font color='white'> 1<\/font><\/div><\/a>",null,null,null,null,null,null,null,null,null]},{"cell":["<span style=\"color:#336633\"><strong>EC(31)<\/strong><\/span>","<a href=\"neuron_page.php?id=6031\" target=\"blank\" title=\"MEC LIII Multipolar Principal\"MEC (e)003310 LIII Multipolar Principal\"><font color=\"#339900\">MEC LIII Multipolar Principal<\/font><\/a>",null,null,"<a style=\"text-decoration:none\" href=\"property_page_fp.php?id_neuron=6031&parameter=ASP.NASP&count=1&page=1\" target=\"_blank\"><div style='background-color:#FF8C00'><font color='white'> 1<\/font><\/div><\/a>",null,null,null,null,null,null,null,null,null,null,null,"<a style=\"text-decoration:none\" href=\"property_page_fp.php?id_neuron=6031&parameter=NASP&count=1&page=1\" target=\"_blank\"><div style='background-color:#FF8C00'><font color='white'> 1<\/font><\/div><\/a>",null,null,null,null,null,null,null,null,null]},{"cell":["<span style=\"color:#336633\"><strong>EC(31)<\/strong><\/span>","<a href=\"neuron_page.php?id=6017\" target=\"blank\" title=\"LIII Pyramidal\"EC (e)223111p-CA1_1000-SUB_100 LIII Pyramidal\"><font color=\"#339900\">LIII Pyramidal<\/font><\/a>",null,null,"<a style=\"text-decoration:none\" href=\"property_page_fp.php?id_neuron=6017&parameter=ASP.NASP&count=1&page=1\" target=\"_blank\"><div style='background-color:#FF8C00'><font color='white'> 1<\/font><\/div><\/a>",null,null,null,null,null,null,null,null,null,null,null,null,null,null,null,null,null,null,null,null,null]},{"cell":["<span style=\"color:#336633\"><strong>EC(31)<\/strong><\/span>","<a href=\"neuron_page.php?id=6007\" target=\"blank\" title=\"LEC LIII Complex Pyramidal\"LEC (e)233310 LIII Complex Pyramidal\"><font color=\"#339900\">LEC LIII Complex Pyramidal<\/font><\/a>","<a style=\"text-decoration:none\" href=\"property_page_fp.php?id_neuron=6007&parameter=ASP.&count=2&page=1\" target=\"_blank\"><div style='background-color:#0000FF'><font color='white'> 2<\/font><\/div><\/a>",null,null,null,null,null,null,null,null,null,null,null,null,null,"<a style=\"text-decoration:none\" href=\"property_page_fp.php?id_neuron=6007&parameter=NASP&count=1&page=1\" target=\"_blank\"><div style='background-color:#FF8C00'><font color='white'> 1<\/font><\/div><\/a>",null,null,null,null,null,null,null,null,null]},{"cell":["<span style=\"color:#336633\"><strong>EC(31)<\/strong><\/span>","<a href=\"neuron_page.php?id=6006\" target=\"blank\" title=\"MEC LIII Complex Pyramidal\"MEC (e)313300 LIII Complex Pyramidal\"><font color=\"#339900\">MEC LIII Complex Pyramidal<\/font><\/a>",null,null,null,null,null,null,null,null,null,null,null,null,null,null,null,null,null,null,null,null,null,null,null,null]},{"cell":["<span style=\"color:#336633\"><strong>EC(31)<\/strong><\/span>","<a href=\"neuron_page.php?id=6024\" target=\"blank\" title=\"MEC LIII Bipolar Complex Pyramidal\"MEC (e)133100 LIII Bipolar Complex Pyramidal\"><font color=\"#339900\">MEC LIII Bipolar Complex Pyramidal<\/font><\/a>",null,null,"<a style=\"text-decoration:none\" href=\"property_page_fp.php?id_neuron=6024&parameter=ASP.NASP&count=1&page=1\" target=\"_blank\"><div style='background-color:#FF8C00'><font color='white'> 1<\/font><\/div><\/a>",null,null,null,null,null,null,null,null,null,null,null,"<a style=\"text-decoration:none\" href=\"property_page_fp.php?id_neuron=6024&parameter=NASP&count=1&page=1\" target=\"_blank\"><div style='background-color:#FF8C00'><font color='white'> 1<\/font><\/div><\/a>",null,null,null,null,null,null,null,null,null]},{"cell":["<span style=\"color:#336633\"><strong>EC(31)<\/strong><\/span>","<a href=\"neuron_page.php?id=6092\" target=\"blank\" title=\"LIII Pyramidal-Stellate\"EC (e)223200p-CA1_1000-SUB_100 LIII Pyramidal-Stellate\"><font color=\"#339900\">LIII Pyramidal-Stellate<\/font><\/a>","<a style=\"text-decoration:none\" href=\"property_page_fp.php?id_neuron=6092&parameter=ASP.&count=2&page=1\" target=\"_blank\"><div style='background-color:#0000FF'><font color='white'> 2<\/font><\/div><\/a>",null,null,null,null,null,null,null,null,null,null,null,null,null,"<a style=\"text-decoration:none\" href=\"property_page_fp.php?id_neuron=6092&parameter=NASP&count=1&page=1\" target=\"_blank\"><div style='background-color:#FF8C00'><font color='white'> 1<\/font><\/div><\/a>",null,null,null,null,null,null,null,null,null]},{"cell":["<span style=\"color:#336633\"><strong>EC(31)<\/strong><\/span>","<a href=\"neuron_page.php?id=6018\" target=\"blank\" title=\"LIII Stellate\"EC (e)223000 LIII Stellate\"><font color=\"#339900\">LIII Stellate<\/font><\/a>",null,null,"<a style=\"text-decoration:none\" href=\"property_page_fp.php?id_neuron=6018&parameter=ASP.NASP&count=1&page=1\" target=\"_blank\"><div style='background-color:#FF8C00'><font color='white'> 1<\/font><\/div><\/a>",null,null,null,null,null,null,null,null,null,null,null,"<a style=\"text-decoration:none\" href=\"property_page_fp.php?id_neuron=6018&parameter=NASP&count=1&page=1\" target=\"_blank\"><div style='background-color:#FF8C00'><font color='white'> 1<\/font><\/div><\/a>",null,null,null,null,null,null,null,null,null]},{"cell":["<span style=\"color:#336633\"><strong>EC(31)<\/strong><\/span>","<a href=\"neuron_page.php?id=6095\" target=\"blank\" title=\"LIII-V Bipolar Pyramidal\"EC (e)223331 LIII-V Bipolar Pyramidal\"><font color=\"#339900\">LIII-V Bipolar Pyramidal<\/font><\/a>","<a style=\"text-decoration:none\" href=\"property_page_fp.php?id_neuron=6095&parameter=ASP.&count=1&page=1\" target=\"_blank\"><div style='background-color:#FF8C00'><font color='white'> 1<\/font><\/div><\/a>",null,null,null,null,null,null,null,null,null,null,null,null,null,"<a style=\"text-decoration:none\" href=\"property_page_fp.php?id_neuron=6095&parameter=NASP&count=1&page=1\" target=\"_blank\"><div style='background-color:#FF8C00'><font color='white'> 1<\/font><\/div><\/a>",null,null,null,null,null,null,null,null,null]},{"cell":["<span style=\"color:#336633\"><strong>EC(31)<\/strong><\/span>","<a href=\"neuron_page.php?id=6085\" target=\"blank\" title=\"LIV-V Pyramidal-Horizontal\"EC (e)220233p-DG_1000 LIV-V Pyramidal-Horizontal\"><font color=\"#339900\">LIV-V Pyramidal-Horizontal<\/font><\/a>",null,null,null,null,null,null,null,null,null,null,null,null,null,null,null,null,null,null,null,null,null,null,null,null]},{"cell":["<span style=\"color:#336633\"><strong>EC(31)<\/strong><\/span>","<a href=\"neuron_page.php?id=6086\" target=\"blank\" title=\"LIV-VI Deep Multipolar Principal\"EC (e)000333p-SUB_111 LIV-VI Deep Multipolar Principal\"><font color=\"#339900\">LIV-VI Deep Multipolar Principal<\/font><\/a>","<a style=\"text-decoration:none\" href=\"property_page_fp.php?id_neuron=6086&parameter=ASP.&count=3&page=1\" target=\"_blank\"><div style='background-color:#7A5230'><font color='white'> 3<\/font><\/div><\/a>",null,null,null,null,null,null,null,null,null,null,null,null,null,"<a style=\"text-decoration:none\" href=\"property_page_fp.php?id_neuron=6086&parameter=NASP&count=1&page=1\" target=\"_blank\"><div style='background-color:#FF8C00'><font color='white'> 1<\/font><\/div><\/a>",null,null,null,null,null,null,null,null,null]},{"cell":["<span style=\"color:#336633\"><strong>EC(31)<\/strong><\/span>","<a href=\"neuron_page.php?id=6033\" target=\"blank\" title=\"MEC LV Multipolar-Pyramidal\"MEC (e)001331 LV Multipolar-Pyramidal\"><font color=\"#339900\">MEC LV Multipolar-Pyramidal<\/font><\/a>","<a style=\"text-decoration:none\" href=\"property_page_fp.php?id_neuron=6033&parameter=ASP.&count=2&page=1\" target=\"_blank\"><div style='background-color:#0000FF'><font color='white'> 2<\/font><\/div><\/a>",null,null,"<a style=\"text-decoration:none\" href=\"property_page_fp.php?id_neuron=6033&parameter=ASP.SLN&count=1&page=1\" target=\"_blank\"><div style='background-color:#FF8C00'><font color='white'> 1<\/font><\/div><\/a>",null,null,null,null,null,null,null,null,null,null,"<a style=\"text-decoration:none\" href=\"property_page_fp.php?id_neuron=6033&parameter=NASP&count=2&page=1\" target=\"_blank\"><div style='background-color:#0000FF'><font color='white'> 2<\/font><\/div><\/a>",null,null,null,null,null,null,null,null,null]},{"cell":["<span style=\"color:#336633\"><strong>EC(31)<\/strong><\/span>","<a href=\"neuron_page.php?id=6021\" target=\"blank\" title=\"LV Deep Pyramidal\"EC (e)220033 LV Deep Pyramidal\"><font color=\"#339900\">LV Deep Pyramidal<\/font><\/a>","<a style=\"text-decoration:none\" href=\"property_page_fp.php?id_neuron=6021&parameter=ASP.&count=2&page=1\" target=\"_blank\"><div style='background-color:#0000FF'><font color='white'> 2<\/font><\/div><\/a>",null,null,"<a style=\"text-decoration:none\" href=\"property_page_fp.php?id_neuron=6021&parameter=ASP.SLN&count=1&page=1\" target=\"_blank\"><div style='background-color:#FF8C00'><font color='white'> 1<\/font><\/div><\/a>",null,null,null,null,null,null,null,null,null,null,"<a style=\"text-decoration:none\" href=\"property_page_fp.php?id_neuron=6021&parameter=NASP&count=3&page=1\" target=\"_blank\"><div style='background-color:#7A5230'><font color='white'> 3<\/font><\/div><\/a>",null,null,null,null,"<a style=\"text-decoration:none\" href=\"property_page_fp.php?id_neuron=6021&parameter=TSTUT.NASP&count=1&page=1\" target=\"_blank\"><div style='background-color:#FF8C00'><font color='white'> 1<\/font><\/div><\/a>",null,null,null,null]},{"cell":["<span style=\"color:#336633\"><strong>EC(31)<\/strong><\/span>","<a href=\"neuron_page.php?id=6002\" target=\"blank\" title=\"MEC LV Pyramidal\"MEC (e)331131p-DG_1100-SUB_101 LV Pyramidal\"><font color=\"#339900\">MEC LV Pyramidal<\/font><\/a>","<a style=\"text-decoration:none\" href=\"property_page_fp.php?id_neuron=6002&parameter=ASP.&count=2&page=1\" target=\"_blank\"><div style='background-color:#0000FF'><font color='white'> 2<\/font><\/div><\/a>",null,null,"<a style=\"text-decoration:none\" href=\"property_page_fp.php?id_neuron=6002&parameter=ASP.SLN&count=1&page=1\" target=\"_blank\"><div style='background-color:#FF8C00'><font color='white'> 1<\/font><\/div><\/a>",null,null,null,null,null,null,null,null,null,null,"<a style=\"text-decoration:none\" href=\"property_page_fp.php?id_neuron=6002&parameter=NASP&count=2&page=1\" target=\"_blank\"><div style='background-color:#0000FF'><font color='white'> 2<\/font><\/div><\/a>",null,null,null,null,null,null,null,null,null]},{"cell":["<span style=\"color:#336633\"><strong>EC(31)<\/strong><\/span>","<a href=\"neuron_page.php?id=6023\" target=\"blank\" title=\"MEC LV Superficial Pyramidal\"MEC (e)213330 LV Superficial Pyramidal\"><font color=\"#339900\">MEC LV Superficial Pyramidal<\/font><\/a>","<a style=\"text-decoration:none\" href=\"property_page_fp.php?id_neuron=6023&parameter=ASP.&count=2&page=1\" target=\"_blank\"><div style='background-color:#0000FF'><font color='white'> 2<\/font><\/div><\/a>",null,null,"<a style=\"text-decoration:none\" href=\"property_page_fp.php?id_neuron=6023&parameter=ASP.SLN&count=1&page=1\" target=\"_blank\"><div style='background-color:#FF8C00'><font color='white'> 1<\/font><\/div><\/a>",null,null,null,null,null,null,null,null,null,null,"<a style=\"text-decoration:none\" href=\"property_page_fp.php?id_neuron=6023&parameter=NASP&count=2&page=1\" target=\"_blank\"><div style='background-color:#0000FF'><font color='white'> 2<\/font><\/div><\/a>",null,null,null,null,null,null,null,null,null]},{"cell":["<span style=\"color:#336633\"><strong>EC(31)<\/strong><\/span>","<a href=\"neuron_page.php?id=6052\" target=\"blank\" title=\"MEC LV-VI Pyramidal-Polymorphic\"MEC (e)000023 LV-VI Pyramidal-Polymorphic\"><font color=\"#339900\">MEC LV-VI Pyramidal-Polymorphic<\/font><\/a>","<a style=\"text-decoration:none\" href=\"property_page_fp.php?id_neuron=6052&parameter=ASP.&count=1&page=1\" target=\"_blank\"><div style='background-color:#FF8C00'><font color='white'> 1<\/font><\/div><\/a>",null,null,null,null,null,null,"<a style=\"text-decoration:none\" href=\"property_page_fp.php?id_neuron=6052&parameter=D.NASP&count=1&page=1\" target=\"_blank\"><div style='background-color:#FF8C00'><font color='white'> 1<\/font><\/div><\/a>",null,null,null,null,null,null,null,null,null,null,null,null,null,null,null,null]},{"cell":["<span style=\"color:#336633\"><strong>EC(31)<\/strong><\/span>","<a href=\"neuron_page.php?id=6078\" target=\"blank\" title=\"LEC LVI Multipolar-Pyramidal\"LEC (e)001133 LVI Multipolar-Pyramidal\"><font color=\"#339900\">LEC LVI Multipolar-Pyramidal<\/font><\/a>","<a style=\"text-decoration:none\" href=\"property_page_fp.php?id_neuron=6078&parameter=ASP.&count=1&page=1\" target=\"_blank\"><div style='background-color:#FF8C00'><font color='white'> 1<\/font><\/div><\/a>",null,null,null,null,null,null,null,null,null,null,null,null,null,null,null,null,null,null,null,null,null,null,null]},{"cell":["<span style=\"color:#336633\"><strong>EC(31)<\/strong><\/span>","<a href=\"neuron_page.php?id=6048\" target=\"blank\" title=\"LII Axo-axonic\"EC (i)030000 LII Axo-axonic\"><font color=\"#CC0000\">LII Axo-axonic<\/font><\/a>",null,null,null,null,null,null,null,null,null,null,null,null,null,null,null,null,null,null,null,null,null,null,null,null]},{"cell":["<span style=\"color:#336633\"><strong>EC(31)<\/strong><\/span>","<a href=\"neuron_page.php?id=6096\" target=\"blank\" title=\"MEC LII Basket\"MEC (i)031000 LII Basket\"><font color=\"#CC0000\">MEC LII Basket<\/font><\/a>",null,null,null,null,null,null,null,null,null,null,null,null,null,null,null,null,null,null,null,null,null,null,null,null]},{"cell":["<span style=\"color:#336633\"><strong>EC(31)<\/strong><\/span>","<a href=\"neuron_page.php?id=6053\" target=\"blank\" title=\"LII Basket-Multipolar Interneuron\"EC (i)230000 LII Basket-Multipolar Interneuron\"><font color=\"#CC0000\">LII Basket-Multipolar Interneuron<\/font><\/a>",null,null,null,null,null,null,null,null,null,null,null,null,null,null,null,null,null,null,null,null,null,null,null,null]},{"cell":["<span style=\"color:#336633\"><strong>EC(31)<\/strong><\/span>","<a href=\"neuron_page.php?id=6049\" target=\"blank\" title=\"LEC LIII Multipolar Interneuron\"LEC (i)023000 LIII Multipolar Interneuron\"><font color=\"#CC0000\">LEC LIII Multipolar Interneuron<\/font><\/a>",null,null,null,null,null,null,null,null,null,null,null,null,null,null,null,null,null,null,null,null,null,null,null,null]},{"cell":["<span style=\"color:#336633\"><strong>EC(31)<\/strong><\/span>","<a href=\"neuron_page.php?id=6047\" target=\"blank\" title=\"MEC LIII Multipolar Interneuron\"MEC (i)113220 LIII Multipolar Interneuron\"><font color=\"#CC0000\">MEC LIII Multipolar Interneuron<\/font><\/a>",null,null,null,null,null,null,null,null,null,null,null,null,null,null,"<a style=\"text-decoration:none\" href=\"property_page_fp.php?id_neuron=6047&parameter=NASP&count=1&page=1\" target=\"_blank\"><div style='background-color:#FF8C00'><font color='white'> 1<\/font><\/div><\/a>",null,null,null,null,null,null,null,null,null]},{"cell":["<span style=\"color:#336633\"><strong>EC(31)<\/strong><\/span>","<a href=\"neuron_page.php?id=6040\" target=\"blank\" title=\"MEC LIII Superficial Multipolar Interneuron\"MEC (i)233000 LIII Superficial Multipolar Interneuron\"><font color=\"#CC0000\">MEC LIII Superficial Multipolar Interneuron<\/font><\/a>",null,null,null,null,null,null,null,null,null,null,null,null,null,null,"<a style=\"text-decoration:none\" href=\"property_page_fp.php?id_neuron=6040&parameter=NASP&count=1&page=1\" target=\"_blank\"><div style='background-color:#FF8C00'><font color='white'> 1<\/font><\/div><\/a>",null,null,null,null,null,null,null,null,null]},{"cell":["<span style=\"color:#336633\"><strong>EC(31)<\/strong><\/span>","<a href=\"neuron_page.php?id=6087\" target=\"blank\" title=\"LIII Pyramidal-Looking Interneuron\"EC (i)023300 LIII Pyramidal-Looking Interneuron\"><font color=\"#CC0000\">LIII Pyramidal-Looking Interneuron<\/font><\/a>","<a style=\"text-decoration:none\" href=\"property_page_fp.php?id_neuron=6087&parameter=ASP.&count=1&page=1\" target=\"_blank\"><div style='background-color:#FF8C00'><font color='white'> 1<\/font><\/div><\/a>",null,null,null,null,null,null,null,null,null,null,null,null,null,null,null,null,null,null,null,null,null,null,null]},{"cell":["<span style=\"color:#336633\"><strong>EC(31)<\/strong><\/span>","<a href=\"neuron_page.php?id=6038\" target=\"blank\" title=\"MEC LIII Superficial Trilayered Interneuron\"MEC (i)333000 LIII Superficial Trilayered Interneuron\"><font color=\"#CC0000\">MEC LIII Superficial Trilayered Interneuron<\/font><\/a>",null,null,"<a style=\"text-decoration:none\" href=\"property_page_fp.php?id_neuron=6038&parameter=ASP.NASP&count=1&page=1\" target=\"_blank\"><div style='background-color:#FF8C00'><font color='white'> 1<\/font><\/div><\/a>",null,null,null,null,null,null,null,null,null,null,null,null,null,null,null,null,null,null,null,null,null]}]}